{"direction_axis": {"axis": 2, "axis_sign": 1}, "approach_axis": {"axis": 0, "axis_sign": 1}, "object_symmetry": 2, "object_size": [0.03142389573, 0.01920175767, 0.033774632795]}