{"direction_axis": {"axis": 2, "axis_sign": 1}, "approach_axis": {"axis": 0, "axis_sign": 1}, "object_symmetry": 3, "object_size": [0.031426952509999995, 0.05937283384, 0.059486516244999996]}