{"direction_axis": {"axis": 0, "axis_sign": 1}, "approach_axis": {"axis": 1, "axis_sign": 1}, "object_symmetry": 2, "object_size": [0.16786187756, 0.06783736227500001, 0.017835518454999998]}