{"direction_axis": {"axis": 0, "axis_sign": 1}, "approach_axis": {"axis": 1, "axis_sign": 1}, "object_symmetry": 2, "object_size": [0.16087620350999998, 0.065907152325, 0.017121690919999998]}