{"direction_axis": {"axis": 0, "axis_sign": 1}, "approach_axis": {"axis": 2, "axis_sign": 1}, "object_symmetry": 2, "object_size": [0.045059497855000005, 0.01413772279, 0.019704976565000004]}