{"direction_axis": {"axis": 2, "axis_sign": 1}, "approach_axis": {"axis": 1, "axis_sign": 1}, "object_symmetry": 2, "object_size": [0.040727304405, 0.12616326093000002, 0.09668270216]}