{"direction_axis": {"axis": 0, "axis_sign": 1}, "approach_axis": {"axis": 2, "axis_sign": 1}, "object_symmetry": 2, "object_size": [0.06529229180499999, 0.018718967499999996, 0.053720587140000005]}