{"direction_axis": {"axis": 0, "axis_sign": 1}, "approach_axis": {"axis": 1, "axis_sign": 1}, "object_symmetry": 2, "object_size": [0.163198514505, 0.06456514233999999, 0.017193675295]}