{"direction_axis": {"axis": 1, "axis_sign": 1}, "approach_axis": {"axis": 2, "axis_sign": 1}, "object_symmetry": 2, "object_size": [0.058112286, 0.010592074534999999, 0.05095047492]}