{"direction_axis": {"axis": 2, "axis_sign": 1}, "approach_axis": {"axis": 0, "axis_sign": 1}, "object_symmetry": 2, "object_size": [0.062235720565, 0.058487022655000005, 0.05852165861]}