{"direction_axis": {"axis": 0, "axis_sign": 1}, "approach_axis": {"axis": 1, "axis_sign": 1}, "object_symmetry": 2, "object_size": [0.16669466899, 0.06724984117999999, 0.017960891449999995]}