{"direction_axis": {"axis": 1, "axis_sign": 1}, "approach_axis": {"axis": 0, "axis_sign": 1}, "object_symmetry": 2, "object_size": [0.091116123625, 0.035773752279999994, 0.0564445792]}