{"direction_axis": {"axis": 2, "axis_sign": 1}, "approach_axis": {"axis": 1, "axis_sign": 1}, "object_symmetry": 2, "object_size": [0.017978475405, 0.133768420975, 0.08210623803499999]}