{"direction_axis": {"axis": 0, "axis_sign": 1}, "approach_axis": {"axis": 2, "axis_sign": -1}, "object_symmetry": 2, "object_size": [0.067918597675, 0.00880852951, 0.011353723860000001]}