{"direction_axis": {"axis": 0, "axis_sign": 1}, "approach_axis": {"axis": 2, "axis_sign": 1}, "object_symmetry": 2, "object_size": [0.13530168307999996, 0.04294804833, 0.056465389895]}