{"direction_axis": {"axis": 1, "axis_sign": 1}, "approach_axis": {"axis": 0, "axis_sign": 1}, "object_symmetry": 2, "object_size": [0.070306440525, 0.032228353115, 0.045417376094999996]}