{"direction_axis": {"axis": 0, "axis_sign": -1}, "approach_axis": {"axis": 2, "axis_sign": 1}, "object_symmetry": 2, "object_size": [0.06807688384499999, 0.01019144665, 0.028702325545]}