{"direction_axis": {"axis": 2, "axis_sign": 1}, "approach_axis": {"axis": 1, "axis_sign": 1}, "object_symmetry": 2, "object_size": [0.039832423124999995, 0.099575871175, 0.07316867095000001]}