{"direction_axis": {"axis": 2, "axis_sign": 1}, "approach_axis": {"axis": 0, "axis_sign": 1}, "object_symmetry": 3, "object_size": [0.056193747759999996, 0.076187899225, 0.07564541287]}