{"direction_axis": {"axis": 2, "axis_sign": 1}, "approach_axis": {"axis": 0, "axis_sign": 1}, "object_symmetry": 3, "object_size": [0.055896264444999996, 0.02127394112, 0.021739185124999998]}