{"direction_axis": {"axis": 0, "axis_sign": 1}, "approach_axis": {"axis": 2, "axis_sign": -1}, "object_symmetry": 2, "object_size": [0.09094668912500001, 0.009188840785, 0.008685494155000001]}