{"direction_axis": {"axis": 2, "axis_sign": 1}, "approach_axis": {"axis": 1, "axis_sign": 1}, "object_symmetry": 2, "object_size": [0.04104311582, 0.101160498405, 0.07342935724500001]}