{"direction_axis": {"axis": 0, "axis_sign": 1}, "approach_axis": {"axis": 2, "axis_sign": 1}, "object_symmetry": 3, "object_size": [0.07316035569499998, 0.008807651230000001, 0.00900858289]}