{"direction_axis": {"axis": 2, "axis_sign": 1}, "approach_axis": {"axis": 0, "axis_sign": 1}, "object_symmetry": 2, "object_size": [0.025219296925000002, 0.037588133925, 0.074643011695]}