{"direction_axis": {"axis": 2, "axis_sign": 1}, "approach_axis": {"axis": 0, "axis_sign": 1}, "object_symmetry": 3, "object_size": [0.047117354075000006, 0.03368625196, 0.03346252233]}