{"direction_axis": {"axis": 0, "axis_sign": 1}, "approach_axis": {"axis": 2, "axis_sign": -1}, "object_symmetry": 2, "object_size": [0.095024823985, 0.009637104855, 0.00800980602]}