{"direction_axis": {"axis": 0, "axis_sign": 1}, "approach_axis": {"axis": 2, "axis_sign": 1}, "object_symmetry": 2, "object_size": [0.1388994516, 0.035728650130000005, 0.059005910924999995]}