{"direction_axis": {"axis": 1, "axis_sign": 1}, "approach_axis": {"axis": 0, "axis_sign": 1}, "object_symmetry": 2, "object_size": [0.10112525507, 0.021823736555, 0.04695345027]}