{"direction_axis": {"axis": 1, "axis_sign": 1}, "approach_axis": {"axis": 0, "axis_sign": 1}, "object_symmetry": 2, "object_size": [0.10465429073499999, 0.02980179877, 0.029299871130000002]}