{"direction_axis": {"axis": 0, "axis_sign": 1}, "approach_axis": {"axis": 2, "axis_sign": 1}, "object_symmetry": 3, "object_size": [0.073803814705, 0.009012350084999999, 0.00926613535]}