{"direction_axis": {"axis": 0, "axis_sign": -1}, "approach_axis": {"axis": 2, "axis_sign": 1}, "object_symmetry": 2, "object_size": [0.07567451728999999, 0.011443142545, 0.02986550801]}