{"direction_axis": {"axis": 0, "axis_sign": 1}, "approach_axis": {"axis": 1, "axis_sign": 1}, "object_symmetry": 2, "object_size": [0.15132927351500003, 0.065124539865, 0.01727469042]}