{"direction_axis": {"axis": 2, "axis_sign": 1}, "approach_axis": {"axis": 1, "axis_sign": 1}, "object_symmetry": 2, "object_size": [0.040246657345000006, 0.09473975121, 0.08299616098999998]}