{"direction_axis": {"axis": 1, "axis_sign": 1}, "approach_axis": {"axis": 0, "axis_sign": 1}, "object_symmetry": 2, "object_size": [0.058326371764999996, 0.01848706215, 0.038916134639999996]}