{"direction_axis": {"axis": 0, "axis_sign": 1}, "approach_axis": {"axis": 2, "axis_sign": -1}, "object_symmetry": 2, "object_size": [0.09117578804, 0.00983096654, 0.008555022659999998]}