{"direction_axis": {"axis": 1, "axis_sign": 1}, "approach_axis": {"axis": 2, "axis_sign": 1}, "object_symmetry": 2, "object_size": [0.06257375369000001, 0.016234654929999995, 0.051030112764999996]}