{"direction_axis": {"axis": 1, "axis_sign": 1}, "approach_axis": {"axis": 2, "axis_sign": 1}, "object_symmetry": 2, "object_size": [0.060855531394999995, 0.009926593905000001, 0.04903263948]}